title,url
Classical Mythology,http://images.amazon.com/images/P/0195153448.01.THUMBZZZ.jpg
Clara Callan,http://images.amazon.com/images/P/0002005018.01.THUMBZZZ.jpg
Decision in Normandy,http://images.amazon.com/images/P/0060973129.01.THUMBZZZ.jpg
Flu: The Story of the Great Influenza Pandemic of 1918 and the Search for the Virus That Caused It,http://images.amazon.com/images/P/0374157065.01.THUMBZZZ.jpg
The Mummies of Urumchi,http://images.amazon.com/images/P/0393045218.01.THUMBZZZ.jpg
The Kitchen God's Wife,http://images.amazon.com/images/P/0399135782.01.THUMBZZZ.jpg
What If?: The World's Foremost Military Historians Imagine What Might Have Been,http://images.amazon.com/images/P/0425176428.01.THUMBZZZ.jpg
PLEADING GUILTY,http://images.amazon.com/images/P/0671870432.01.THUMBZZZ.jpg
Under the Black Flag: The Romance and the Reality of Life Among the Pirates,http://images.amazon.com/images/P/0679425608.01.THUMBZZZ.jpg
Where You'll Find Me: And Other Stories,http://images.amazon.com/images/P/074322678X.01.THUMBZZZ.jpg
Nights Below Station Street,http://images.amazon.com/images/P/0771074670.01.THUMBZZZ.jpg
Hitler's Secret Bankers: The Myth of Swiss Neutrality During the Holocaust,http://images.amazon.com/images/P/080652121X.01.THUMBZZZ.jpg
The Middle Stories,http://images.amazon.com/images/P/0887841740.01.THUMBZZZ.jpg
Jane Doe,http://images.amazon.com/images/P/1552041778.01.THUMBZZZ.jpg
A Second Chicken Soup for the Woman's Soul (Chicken Soup for the Soul Series),http://images.amazon.com/images/P/1558746218.01.THUMBZZZ.jpg
The Witchfinder (Amos Walker Mystery Series),http://images.amazon.com/images/P/1567407781.01.THUMBZZZ.jpg
More Cunning Than Man: A Social History of Rats and Man,http://images.amazon.com/images/P/1575663937.01.THUMBZZZ.jpg
Goodbye to the Buttermilk Sky,http://images.amazon.com/images/P/1881320189.01.THUMBZZZ.jpg
The Testament,http://images.amazon.com/images/P/0440234743.01.THUMBZZZ.jpg
Beloved (Plume Contemporary Fiction),http://images.amazon.com/images/P/0452264464.01.THUMBZZZ.jpg
Our Dumb Century: The Onion Presents 100 Years of Headlines from America's Finest News Source,http://images.amazon.com/images/P/0609804618.01.THUMBZZZ.jpg
New Vegetarian: Bold and Beautiful Recipes for Every Occasion,http://images.amazon.com/images/P/1841721522.01.THUMBZZZ.jpg
If I'd Known Then What I Know Now: Why Not Learn from the Mistakes of Others? : You Can't Afford to Make Them All Yourself,http://images.amazon.com/images/P/1879384493.01.THUMBZZZ.jpg
"Mary-Kate &amp, Ashley Switching Goals (Mary-Kate and Ashley Starring in)",http://images.amazon.com/images/P/0061076031.01.THUMBZZZ.jpg
Tell Me This Isn't Happening,http://images.amazon.com/images/P/0439095026.01.THUMBZZZ.jpg
Flood : Mississippi 1927,http://images.amazon.com/images/P/0689821166.01.THUMBZZZ.jpg
Wild Animus,http://images.amazon.com/images/P/0971880107.01.THUMBZZZ.jpg
Airframe,http://images.amazon.com/images/P/0345402871.01.THUMBZZZ.jpg
Timeline,http://images.amazon.com/images/P/0345417623.01.THUMBZZZ.jpg
OUT OF THE SILENT PLANET,http://images.amazon.com/images/P/0684823802.01.THUMBZZZ.jpg
Prague : A Novel,http://images.amazon.com/images/P/0375759778.01.THUMBZZZ.jpg
Chocolate Jesus,http://images.amazon.com/images/P/0425163091.01.THUMBZZZ.jpg
Wie Barney es sieht.,http://images.amazon.com/images/P/3404921038.01.THUMBZZZ.jpg
Der Fluch der Kaiserin. Ein Richter- Di- Roman.,http://images.amazon.com/images/P/3442353866.01.THUMBZZZ.jpg
Sturmzeit. Roman.,http://images.amazon.com/images/P/3442410665.01.THUMBZZZ.jpg
Tage der Unschuld.,http://images.amazon.com/images/P/3442446937.01.THUMBZZZ.jpg
Lying Awake,http://images.amazon.com/images/P/0375406328.01.THUMBZZZ.jpg
To Kill a Mockingbird,http://images.amazon.com/images/P/0446310786.01.THUMBZZZ.jpg
Seabiscuit: An American Legend,http://images.amazon.com/images/P/0449005615.01.THUMBZZZ.jpg
Pigs in Heaven,http://images.amazon.com/images/P/0060168013.01.THUMBZZZ.jpg
Miss Zukas and the Raven's Dance,http://images.amazon.com/images/P/038078243X.01.THUMBZZZ.jpg
Pride and Prejudice,http://images.amazon.com/images/P/055321215X.01.THUMBZZZ.jpg
The Therapeutic Touch: How to Use Your Hands to Help or to Heal,http://images.amazon.com/images/P/067176537X.01.THUMBZZZ.jpg
Downtown,http://images.amazon.com/images/P/0061099686.01.THUMBZZZ.jpg
Icebound,http://images.amazon.com/images/P/0553582909.01.THUMBZZZ.jpg
I'll Be Seeing You,http://images.amazon.com/images/P/0671888587.01.THUMBZZZ.jpg
From the Corner of His Eye,http://images.amazon.com/images/P/0553582747.01.THUMBZZZ.jpg
Isle of Dogs,http://images.amazon.com/images/P/0425182908.01.THUMBZZZ.jpg
Purity in Death,http://images.amazon.com/images/P/042518630X.01.THUMBZZZ.jpg
This Year It Will Be Different: And Other Stories,http://images.amazon.com/images/P/0440223571.01.THUMBZZZ.jpg
Proxies,http://images.amazon.com/images/P/0812523873.01.THUMBZZZ.jpg
Left Behind: A Novel of the Earth's Last Days (Left Behind #1),http://images.amazon.com/images/P/0842342702.01.THUMBZZZ.jpg
The Street Lawyer,http://images.amazon.com/images/P/0440225701.01.THUMBZZZ.jpg
Love, Medicine and Miracles,http://images.amazon.com/images/P/0060914068.01.THUMBZZZ.jpg
All the King's Men,http://images.amazon.com/images/P/0156047624.01.THUMBZZZ.jpg
Pacific Northwest,http://images.amazon.com/images/P/0245542957.01.THUMBZZZ.jpg
A Soldier of the Great War,http://images.amazon.com/images/P/0380715899.01.THUMBZZZ.jpg
Getting Well Again,http://images.amazon.com/images/P/0553280333.01.THUMBZZZ.jpg
Northwest Wines and Wineries,http://images.amazon.com/images/P/0961769947.01.THUMBZZZ.jpg
An Atmosphere of Eternity: Stories of India,http://images.amazon.com/images/P/0964778319.01.THUMBZZZ.jpg
LONESOME DOVE,http://images.amazon.com/images/P/0671623249.01.THUMBZZZ.jpg
Shabanu: Daughter of the Wind (Border Trilogy),http://images.amazon.com/images/P/0679810307.01.THUMBZZZ.jpg
Haveli (Laurel Leaf Books),http://images.amazon.com/images/P/0679865691.01.THUMBZZZ.jpg
Lieux dits,http://images.amazon.com/images/P/2070423204.01.THUMBZZZ.jpg
The Dragons of Eden: Speculations on the Evolution of Human Intelligence,http://images.amazon.com/images/P/0345260317.01.THUMBZZZ.jpg
The yawning heights,http://images.amazon.com/images/P/0394743741.01.THUMBZZZ.jpg
Breathing Lessons,http://images.amazon.com/images/P/042511774X.01.THUMBZZZ.jpg
The Joy Luck Club,http://images.amazon.com/images/P/0804106304.01.THUMBZZZ.jpg
Heart of Darkness (Wordsworth Collection),http://images.amazon.com/images/P/1853262404.01.THUMBZZZ.jpg
The Angel Is Near,http://images.amazon.com/images/P/0312970242.01.THUMBZZZ.jpg
Tess of the D'Urbervilles (Wordsworth Classics),http://images.amazon.com/images/P/1853260053.01.THUMBZZZ.jpg
The Adventures of Drew and Ellie: The Magical Dress,http://images.amazon.com/images/P/1414035004.01.THUMBZZZ.jpg
The Accidental Virgin,http://images.amazon.com/images/P/0060938412.01.THUMBZZZ.jpg
The Tao of Pooh,http://images.amazon.com/images/P/0140067477.01.THUMBZZZ.jpg
Seabiscuit,http://images.amazon.com/images/P/0345465083.01.THUMBZZZ.jpg
The Prince,http://images.amazon.com/images/P/0451625889.01.THUMBZZZ.jpg
Life's Little Instruction Book (Life's Little Instruction Books (Paperback)),http://images.amazon.com/images/P/1558531025.01.THUMBZZZ.jpg
Starship Troopers,http://images.amazon.com/images/P/0441783589.01.THUMBZZZ.jpg
The Ruby in the Smoke (Sally Lockhart Trilogy, Book 1),http://images.amazon.com/images/P/0394895894.01.THUMBZZZ.jpg
Black Beauty (Illustrated Classics),http://images.amazon.com/images/P/1569871213.01.THUMBZZZ.jpg
Anil's Ghost,http://images.amazon.com/images/P/0375410538.01.THUMBZZZ.jpg
Prescription for Terror,http://images.amazon.com/images/P/0966986105.01.THUMBZZZ.jpg
Modern Manners: An Etiquette Book for Rude People,http://images.amazon.com/images/P/087113375X.01.THUMBZZZ.jpg
Turning Thirty,http://images.amazon.com/images/P/0340767936.01.THUMBZZZ.jpg
Decipher,http://images.amazon.com/images/P/0743403843.01.THUMBZZZ.jpg
My First Cousin Once Removed: Money, Madness, and the Family of Robert Lowell,http://images.amazon.com/images/P/0060930365.01.THUMBZZZ.jpg
Standing Firm: A Vice-Presidential Memoir,http://images.amazon.com/images/P/0060177586.01.THUMBZZZ.jpg
Team Bush : Leadership Lessons from the Bush White House,http://images.amazon.com/images/P/0071416331.01.THUMBZZZ.jpg
The Right Man : The Surprise Presidency of George W. Bush,http://images.amazon.com/images/P/0375509038.01.THUMBZZZ.jpg
Daybreakers Louis Lamour Collection,http://images.amazon.com/images/P/0553062042.01.THUMBZZZ.jpg
The Catcher in the Rye,http://images.amazon.com/images/P/0316769487.01.THUMBZZZ.jpg
El Senor De Los Anillos: LA Comunidad Del Anillo (Lord of the Rings (Spanish)),http://images.amazon.com/images/P/8445071408.01.THUMBZZZ.jpg
El Senor De Los Anillos: Las DOS Torres (Lord of the Rings (Paperback)),http://images.amazon.com/images/P/8445071769.01.THUMBZZZ.jpg
El Senor De Los Anillos: El Retorno Del Rey (Tolkien, J. R. R. Lord of the Rings. 3.),http://images.amazon.com/images/P/8445071777.01.THUMBZZZ.jpg
Midnight in the Garden of Good and Evil: A Savannah Story,http://images.amazon.com/images/P/0679429220.01.THUMBZZZ.jpg
Pretend You Don't See Her,http://images.amazon.com/images/P/0671867156.01.THUMBZZZ.jpg
Fast Women,http://images.amazon.com/images/P/0312252617.01.THUMBZZZ.jpg
Female Intelligence,http://images.amazon.com/images/P/0312261594.01.THUMBZZZ.jpg
Pasquale's Nose: Idle Days in an Italian Town,http://images.amazon.com/images/P/0316748641.01.THUMBZZZ.jpg
The Gospel of Judas: A Novel,http://images.amazon.com/images/P/0316973742.01.THUMBZZZ.jpg
Prize Stories, 1987: The O'Henry Awards,http://images.amazon.com/images/P/0385235941.01.THUMBZZZ.jpg
Rich Dad, Poor Dad: What the Rich Teach Their Kids About Money--That the Poor and Middle Class Do Not!,http://images.amazon.com/images/P/0446677450.01.THUMBZZZ.jpg
The Pillars of the Earth,http://images.amazon.com/images/P/0451166892.01.THUMBZZZ.jpg
McDonald's: Behind the Arches,http://images.amazon.com/images/P/0553347594.01.THUMBZZZ.jpg
Creating Wealth : Retire in Ten Years Using Allen's Seven Principles of Wealth!,http://images.amazon.com/images/P/0671621009.01.THUMBZZZ.jpg
Corelli's Mandolin : A Novel,http://images.amazon.com/images/P/067976397X.01.THUMBZZZ.jpg
Love, Miracles, and Animal Healing : A heartwarming look at the spiritual bond between animals and humans,http://images.amazon.com/images/P/0684822733.01.THUMBZZZ.jpg
The Five People You Meet in Heaven,http://images.amazon.com/images/P/0786868716.01.THUMBZZZ.jpg
Tu Nombre Escrito En El Agua (La Sonrisa Vertical),http://images.amazon.com/images/P/8472238822.01.THUMBZZZ.jpg
Relics (Star Trek: The Next Generation),http://images.amazon.com/images/P/0671864769.01.THUMBZZZ.jpg
Bless The Beasts And Children : Bless The Beasts And Children,http://images.amazon.com/images/P/0671521519.01.THUMBZZZ.jpg
The Touch of Your Shadow, the Whisper of Your Name (Babylon 5, Book 5),http://images.amazon.com/images/P/0440222303.01.THUMBZZZ.jpg
Blood Oath,http://images.amazon.com/images/P/0312953453.01.THUMBZZZ.jpg
The Alibi,http://images.amazon.com/images/P/0446608653.01.THUMBZZZ.jpg
The Beach House,http://images.amazon.com/images/P/0446612545.01.THUMBZZZ.jpg
A Kiss Remembered,http://images.amazon.com/images/P/0446612618.01.THUMBZZZ.jpg
The Short Forever,http://images.amazon.com/images/P/0451208080.01.THUMBZZZ.jpg
Dead Aim,http://images.amazon.com/images/P/0553584383.01.THUMBZZZ.jpg
"Angels &amp, Demons",http://images.amazon.com/images/P/0671027360.01.THUMBZZZ.jpg
The Deal,http://images.amazon.com/images/P/0812575954.01.THUMBZZZ.jpg
All He Ever Wanted: A Novel,http://images.amazon.com/images/P/0316735736.01.THUMBZZZ.jpg
Every Breath You Take : A True Story of Obsession, Revenge, and Murder,http://images.amazon.com/images/P/0743439740.01.THUMBZZZ.jpg
If I Ever Get Back to Georgia, I'm Gonna Nail My Feet to the Ground,http://images.amazon.com/images/P/0345372700.01.THUMBZZZ.jpg
The Mosquito Coast,http://images.amazon.com/images/P/0380619458.01.THUMBZZZ.jpg
If Love Were Oil, I'd Be About a Quart Low,http://images.amazon.com/images/P/0446325805.01.THUMBZZZ.jpg
Goodbye, My Little Ones: The True Story of a Murderous Mother and Five Innocent Victims,http://images.amazon.com/images/P/0451406923.01.THUMBZZZ.jpg
The Girl Who Loved Tom Gordon,http://images.amazon.com/images/P/0671042858.01.THUMBZZZ.jpg
Bringing Down the House: The Inside Story of Six M.I.T. Students Who Took Vegas for Millions,http://images.amazon.com/images/P/0743249992.01.THUMBZZZ.jpg
The Oneprince (The Redaemian Chronicles, Book 1),http://images.amazon.com/images/P/0840734530.01.THUMBZZZ.jpg
The Sum of All Fears,http://images.amazon.com/images/P/0425184226.01.THUMBZZZ.jpg
Care Packages : Letters to Christopher Reeve from Strangers and Other Friends,http://images.amazon.com/images/P/0375500766.01.THUMBZZZ.jpg
O Deus Das Pequenas Coisas,http://images.amazon.com/images/P/9724119378.01.THUMBZZZ.jpg
Lady in Green/Minor Indiscretions (Signet Regency Romance),http://images.amazon.com/images/P/0451205197.01.THUMBZZZ.jpg
One Hundred Years of Solitude,http://images.amazon.com/images/P/0060929790.01.THUMBZZZ.jpg
Little Altars Everywhere: A Novel,http://images.amazon.com/images/P/0060976845.01.THUMBZZZ.jpg
Coyote Waits (Joe Leaphorn/Jim Chee Novels),http://images.amazon.com/images/P/0061099325.01.THUMBZZZ.jpg
Before I Say Good-Bye,http://images.amazon.com/images/P/0671004573.01.THUMBZZZ.jpg
Slow Waltz in Cedar Bend,http://images.amazon.com/images/P/0446601640.01.THUMBZZZ.jpg
Twenty Minute Retreats: Revive Your Spirits in Just Minutes a Day (A Pan Self-discovery Title),http://images.amazon.com/images/P/0330484516.01.THUMBZZZ.jpg
Atonement : A Novel,http://images.amazon.com/images/P/038572179X.01.THUMBZZZ.jpg
Next: The Future Just Happened,http://images.amazon.com/images/P/0393020371.01.THUMBZZZ.jpg
The Angelic Darkness,http://images.amazon.com/images/P/1900850303.01.THUMBZZZ.jpg
The Soulbane Stratagem,http://images.amazon.com/images/P/1903019699.01.THUMBZZZ.jpg
Gangster,http://images.amazon.com/images/P/0345425294.01.THUMBZZZ.jpg
Hush,http://images.amazon.com/images/P/0451410319.01.THUMBZZZ.jpg
Whisper of Evil (Hooper, Kay. Evil Trilogy.),http://images.amazon.com/images/P/0553583468.01.THUMBZZZ.jpg
Temor y Temblor,http://images.amazon.com/images/P/8420639133.01.THUMBZZZ.jpg
Estudios sobre el amor,http://images.amazon.com/images/P/8476409419.01.THUMBZZZ.jpg
Rebecca,http://images.amazon.com/images/P/0380778556.01.THUMBZZZ.jpg
Scarlet Letter,http://images.amazon.com/images/P/0451525221.01.THUMBZZZ.jpg
Keep It Simple: And Get More Out of Life,http://images.amazon.com/images/P/0002740230.01.THUMBZZZ.jpg
Diary of a Mad Mom-To-Be,http://images.amazon.com/images/P/0385336772.01.THUMBZZZ.jpg
Locked in Time (Laurel Leaf Books),http://images.amazon.com/images/P/0440949424.01.THUMBZZZ.jpg
Contact,http://images.amazon.com/images/P/0505524996.01.THUMBZZZ.jpg
The Brimstone Wedding,http://images.amazon.com/images/P/0140252800.01.THUMBZZZ.jpg
The Catswold Portal,http://images.amazon.com/images/P/0451452755.01.THUMBZZZ.jpg
Through Wolf's Eyes (Wolf),http://images.amazon.com/images/P/0812575482.01.THUMBZZZ.jpg
Puerto Vallarta Squeeze,http://images.amazon.com/images/P/044651747X.01.THUMBZZZ.jpg
Tree Grows In Brooklyn,http://images.amazon.com/images/P/0060801263.01.THUMBZZZ.jpg
Cybill Disobedience: How I Survived Beauty Pageants, Elvis, Sex, Bruce Willis, Lies, Marriage, Motherhood, Hollywood, and the Irrepressible Urge to Say What I Think,http://images.amazon.com/images/P/0061030147.01.THUMBZZZ.jpg
Snow Angels,http://images.amazon.com/images/P/0140250964.01.THUMBZZZ.jpg
Wish You Well,http://images.amazon.com/images/P/0446527165.01.THUMBZZZ.jpg
The Hitchhiker's Guide to the Galaxy,http://images.amazon.com/images/P/0671461494.01.THUMBZZZ.jpg
Crow Lake (Today Show Book Club #7),http://images.amazon.com/images/P/0385337639.01.THUMBZZZ.jpg
My Antonia,http://images.amazon.com/images/P/039575514X.01.THUMBZZZ.jpg
Pen Pals,http://images.amazon.com/images/P/0451206673.01.THUMBZZZ.jpg
Bridget Jones's Diary,http://images.amazon.com/images/P/0330332775.01.THUMBZZZ.jpg
Pride and Prejudice (Dover Thrift Editions),http://images.amazon.com/images/P/0486284735.01.THUMBZZZ.jpg
EYE ON CRIME: HARDY BOYS #153,http://images.amazon.com/images/P/0671021745.01.THUMBZZZ.jpg
Skin And Bones,http://images.amazon.com/images/P/0671047612.01.THUMBZZZ.jpg
LAW OF THE JUNGLE (HARDY BOYS CASE FILE 105) : LAW OF THE JUNGLE (Hardy Boys, The),http://images.amazon.com/images/P/0671504282.01.THUMBZZZ.jpg
The Cat Who Came to Breakfast (Cat Who... (Hardcover)),http://images.amazon.com/images/P/0399138684.01.THUMBZZZ.jpg
If Singleness Is a Gift, What's the Return Policy?,http://images.amazon.com/images/P/0785263292.01.THUMBZZZ.jpg
Always Daddy's Girl: Understanding Your Father's Impact on Who You Are,http://images.amazon.com/images/P/0830714014.01.THUMBZZZ.jpg
Night Mare (Xanth Novels (Paperback)),http://images.amazon.com/images/P/0345354931.01.THUMBZZZ.jpg
The Martian Chronicles,http://images.amazon.com/images/P/0553278223.01.THUMBZZZ.jpg
Kabale Und Liebe,http://images.amazon.com/images/P/3150000335.01.THUMBZZZ.jpg
Der illustrierte Mann. Erz?¤hlungen.,http://images.amazon.com/images/P/3257203659.01.THUMBZZZ.jpg
Der K?¶nig in Gelb.,http://images.amazon.com/images/P/3257207522.01.THUMBZZZ.jpg
Fahrenheit 451,http://images.amazon.com/images/P/3257208626.01.THUMBZZZ.jpg
Die Mars- Chroniken. Roman in Erz?¤hlungen.,http://images.amazon.com/images/P/3257208634.01.THUMBZZZ.jpg
Das B?¶se kommt auf leisen Sohlen.,http://images.amazon.com/images/P/3257208669.01.THUMBZZZ.jpg
L?¶wenzahnwein. Roman.,http://images.amazon.com/images/P/3257210450.01.THUMBZZZ.jpg
Das Kind von morgen. Erz?¤hlungen.,http://images.amazon.com/images/P/3257212054.01.THUMBZZZ.jpg
Die Mechanismen der Freude. Erz?¤hlungen.,http://images.amazon.com/images/P/3257212429.01.THUMBZZZ.jpg
Familientreffen. Erz?¤hlungen.,http://images.amazon.com/images/P/3257214154.01.THUMBZZZ.jpg
Der Tod kommt schnell in Mexico. Erz?¤hlungen.,http://images.amazon.com/images/P/3257216416.01.THUMBZZZ.jpg
Veronika Deschliesst Zu Sterben / Vernika Decides to Die,http://images.amazon.com/images/P/3257233051.01.THUMBZZZ.jpg
Die Liebe in Den Zelten,http://images.amazon.com/images/P/342311360X.01.THUMBZZZ.jpg
Die Klone der Joanna May. Roman.,http://images.amazon.com/images/P/3423116714.01.THUMBZZZ.jpg
Ist mein Hintern wirklich so dick? Tagebuch einer empfindsamen Frau.,http://images.amazon.com/images/P/3423241489.01.THUMBZZZ.jpg
Haifischfrauen.,http://images.amazon.com/images/P/3426605686.01.THUMBZZZ.jpg
Die Cappuccino- Jahre. Aus dem Tagebuch des Adrian Mole.,http://images.amazon.com/images/P/3453212150.01.THUMBZZZ.jpg
Schwarzer Tee mit drei Stück Zucker,http://images.amazon.com/images/P/3462021095.01.THUMBZZZ.jpg
Quersch?¼sse - Downsize This!,http://images.amazon.com/images/P/3492045642.01.THUMBZZZ.jpg
Die Korrekturen.,http://images.amazon.com/images/P/3498020862.01.THUMBZZZ.jpg
Neun Erz?¤hlungen.,http://images.amazon.com/images/P/3499110695.01.THUMBZZZ.jpg
Hebt den Dachbalken hoch, Zimmerleute / Seymour wird vorgestellt.,http://images.amazon.com/images/P/3499151502.01.THUMBZZZ.jpg
Ulysses (??bersetzg. Wollschl?¤ger). ( Neue Folge, 100).,http://images.amazon.com/images/P/3518111000.01.THUMBZZZ.jpg
Eine ganz normale Aff?¤re.,http://images.amazon.com/images/P/3548254268.01.THUMBZZZ.jpg
Das Intimleben des Adrian Mole, 13 3/4 Jahre. cbt. ( Ab 14 J.).,http://images.amazon.com/images/P/3570300099.01.THUMBZZZ.jpg
Das Buch der l?¤cherlichen Liebe.,http://images.amazon.com/images/P/3596292646.01.THUMBZZZ.jpg
The God of Small Things,http://images.amazon.com/images/P/0060977493.01.THUMBZZZ.jpg
"The James Dean Affair: A Neil Gulliver &amp, Stevie Marriner Novel",http://images.amazon.com/images/P/0312872682.01.THUMBZZZ.jpg
The Big Bad Wolf: A Novel,http://images.amazon.com/images/P/0316602906.01.THUMBZZZ.jpg
Four Blind Mice,http://images.amazon.com/images/P/0316693006.01.THUMBZZZ.jpg
Private Screening,http://images.amazon.com/images/P/0345311396.01.THUMBZZZ.jpg
Congo,http://images.amazon.com/images/P/0345378490.01.THUMBZZZ.jpg
Protect and Defend,http://images.amazon.com/images/P/0345404793.01.THUMBZZZ.jpg
The Tall Pine Polka,http://images.amazon.com/images/P/0345433173.01.THUMBZZZ.jpg
Memoirs of a Geisha,http://images.amazon.com/images/P/0375400117.01.THUMBZZZ.jpg
Plainsong (Vintage Contemporaries),http://images.amazon.com/images/P/0375705856.01.THUMBZZZ.jpg
Body of Evidence (Kay Scarpetta Mysteries (Paperback)),http://images.amazon.com/images/P/0380717018.01.THUMBZZZ.jpg
All That Remains (Kay Scarpetta Mysteries (Paperback)),http://images.amazon.com/images/P/0380718332.01.THUMBZZZ.jpg
The Case of the Lost Look-Alike (An Avon Camelot Book),http://images.amazon.com/images/P/0380754509.01.THUMBZZZ.jpg
Petals on the River,http://images.amazon.com/images/P/038076654X.01.THUMBZZZ.jpg
The Elusive Flame,http://images.amazon.com/images/P/0380807866.01.THUMBZZZ.jpg
Legacy of Silence,http://images.amazon.com/images/P/0385316895.01.THUMBZZZ.jpg
The Brethren,http://images.amazon.com/images/P/0385497466.01.THUMBZZZ.jpg
The King of Torts,http://images.amazon.com/images/P/0385508042.01.THUMBZZZ.jpg
The Curious Incident of the Dog in the Night-Time : A Novel,http://images.amazon.com/images/P/0385509456.01.THUMBZZZ.jpg
Bleachers,http://images.amazon.com/images/P/0385511612.01.THUMBZZZ.jpg
Sisterhood of the Traveling Pants,http://images.amazon.com/images/P/0385730586.01.THUMBZZZ.jpg
Only Love (Magical Love),http://images.amazon.com/images/P/0425164403.01.THUMBZZZ.jpg
All or Nothing (Wheeler Large Print Books),http://images.amazon.com/images/P/0440234964.01.THUMBZZZ.jpg
Roses Are Red (Alex Cross Novels),http://images.amazon.com/images/P/0446605484.01.THUMBZZZ.jpg
The Rescue,http://images.amazon.com/images/P/0446610399.01.THUMBZZZ.jpg
Manhattan Hunt Club,http://images.amazon.com/images/P/0449006522.01.THUMBZZZ.jpg
Patty Jane's House of Curl (Ballantine Reader's Circle),http://images.amazon.com/images/P/0449911004.01.THUMBZZZ.jpg
Pet Sematary,http://images.amazon.com/images/P/0451162072.01.THUMBZZZ.jpg
Silent Snow,http://images.amazon.com/images/P/0451186648.01.THUMBZZZ.jpg
Girl with a Pearl Earring,http://images.amazon.com/images/P/0452282152.01.THUMBZZZ.jpg
Summer of Storms,http://images.amazon.com/images/P/051513290X.01.THUMBZZZ.jpg
The Patient,http://images.amazon.com/images/P/0553580388.01.THUMBZZZ.jpg
Demona's Revenge (Gargoyles, No. 2),http://images.amazon.com/images/P/0590598848.01.THUMBZZZ.jpg
Clifford's Sports Day,http://images.amazon.com/images/P/0590629719.01.THUMBZZZ.jpg
Postmortem (Kay Scarpetta Mysteries (Paperback)),http://images.amazon.com/images/P/0671023616.01.THUMBZZZ.jpg
Deception Point,http://images.amazon.com/images/P/0671027387.01.THUMBZZZ.jpg
Tis : A Memoir,http://images.amazon.com/images/P/0684848783.01.THUMBZZZ.jpg
"Angels &amp, Demons",http://images.amazon.com/images/P/0743486226.01.THUMBZZZ.jpg
A Monk Swimming,http://images.amazon.com/images/P/0786863986.01.THUMBZZZ.jpg
Crazy Horse,http://images.amazon.com/images/P/0803251718.01.THUMBZZZ.jpg
The Silent Cry (William Monk Novels (Paperback)),http://images.amazon.com/images/P/0804117934.01.THUMBZZZ.jpg
The Kalahari Typing School for Men (No. 1 Ladies' Detective Agency),http://images.amazon.com/images/P/140003180X.01.THUMBZZZ.jpg
Chicken Soup for the Soul (Chicken Soup for the Soul),http://images.amazon.com/images/P/155874262X.01.THUMBZZZ.jpg
Wicked: The Life and Times of the Wicked Witch of the West,http://images.amazon.com/images/P/0060987103.01.THUMBZZZ.jpg
Life of Pi,http://images.amazon.com/images/P/0151008116.01.THUMBZZZ.jpg
A Judgement in Stone,http://images.amazon.com/images/P/0375704965.01.THUMBZZZ.jpg
Lies and the Lying Liars Who Tell Them: A Fair and Balanced Look at the Right,http://images.amazon.com/images/P/0525947647.01.THUMBZZZ.jpg
Secret History,http://images.amazon.com/images/P/0804111359.01.THUMBZZZ.jpg
Chicken Soup for the Woman's Soul (Chicken Soup for the Soul Series (Paper)),http://images.amazon.com/images/P/1558744150.01.THUMBZZZ.jpg
Great Expectations (Heinemann Guided Readers),http://images.amazon.com/images/P/0435272683.01.THUMBZZZ.jpg
The Weight of Water,http://images.amazon.com/images/P/0316782505.01.THUMBZZZ.jpg
Moving Pictures (Discworld Novels (Paperback)),http://images.amazon.com/images/P/006102063X.01.THUMBZZZ.jpg
Night Watch,http://images.amazon.com/images/P/0060013117.01.THUMBZZZ.jpg
Thief of Time,http://images.amazon.com/images/P/0060199563.01.THUMBZZZ.jpg
Charlotte's Web Book and Charm (Charming Classics),http://images.amazon.com/images/P/006052779X.01.THUMBZZZ.jpg
Peter Pan: The Original Story (Peter Pan),http://images.amazon.com/images/P/0060563079.01.THUMBZZZ.jpg
My Friend Flicka,http://images.amazon.com/images/P/0060809027.01.THUMBZZZ.jpg
The Last Hero : A Discworld Fable (Discworld Novels (Hardcover)),http://images.amazon.com/images/P/0061040967.01.THUMBZZZ.jpg
Jingo: A Discworld Novel (Discworld Series/Terry Pratchett),http://images.amazon.com/images/P/0061050474.01.THUMBZZZ.jpg
Maskerade: A Novel of Discworld (Pratchett, Terry. Discworld Series (New York, N.Y.).),http://images.amazon.com/images/P/0061052515.01.THUMBZZZ.jpg
Interesting Times: A Novel of Discworld,http://images.amazon.com/images/P/0061052523.01.THUMBZZZ.jpg
On the Bright Side, I'm Now the Girlfriend of a Sex God: Further Confessions of Georgia Nicolson,http://images.amazon.com/images/P/0064472264.01.THUMBZZZ.jpg
Mansfield Park (Penguin Popular Classics),http://images.amazon.com/images/P/0140620664.01.THUMBZZZ.jpg
The Wind in the Willows,http://images.amazon.com/images/P/0312148267.01.THUMBZZZ.jpg
The Winter King: A Novel of Arthur (The Warlord Chronicles: I),http://images.amazon.com/images/P/0312156960.01.THUMBZZZ.jpg
Moonheart (Newford),http://images.amazon.com/images/P/0312890044.01.THUMBZZZ.jpg
The King of Elfland's Daughter (Del Rey Impact),http://images.amazon.com/images/P/034543191X.01.THUMBZZZ.jpg
Powder and Patch,http://images.amazon.com/images/P/0373836023.01.THUMBZZZ.jpg
The Picture of Dorian Gray (Modern Library (Paperback)),http://images.amazon.com/images/P/0375751513.01.THUMBZZZ.jpg
The Iron Giant,http://images.amazon.com/images/P/0375801677.01.THUMBZZZ.jpg
James and the Giant Peach,http://images.amazon.com/images/P/0375814248.01.THUMBZZZ.jpg
The Amber Spyglass (His Dark Materials, Book 3),http://images.amazon.com/images/P/0375823352.01.THUMBZZZ.jpg
The Golden Compass (His Dark Materials, Book 1),http://images.amazon.com/images/P/037582345X.01.THUMBZZZ.jpg
The Subtle Knife (His Dark Materials, Book 2),http://images.amazon.com/images/P/0375823468.01.THUMBZZZ.jpg
The Adrian Mole Diaries : The Secret Diary of Adrian Mole, Aged 13 3/4 : The Growing Pains of Adrian Mole,http://images.amazon.com/images/P/0380730448.01.THUMBZZZ.jpg
Martian Chronicles,http://images.amazon.com/images/P/0380973839.01.THUMBZZZ.jpg
The Great God Pan,http://images.amazon.com/images/P/0385327773.01.THUMBZZZ.jpg
Possession: A Romance,http://images.amazon.com/images/P/0394586239.01.THUMBZZZ.jpg
Born Confused,http://images.amazon.com/images/P/0439510112.01.THUMBZZZ.jpg
Confessions of a Shopaholic,http://images.amazon.com/images/P/0440241413.01.THUMBZZZ.jpg
Making Minty Malone,http://images.amazon.com/images/P/0451409256.01.THUMBZZZ.jpg
Little Women (Signet Classic),http://images.amazon.com/images/P/0451523415.01.THUMBZZZ.jpg
Emma (Signet Classics (Paperback)),http://images.amazon.com/images/P/0451526279.01.THUMBZZZ.jpg
Animal Farm,http://images.amazon.com/images/P/0451526341.01.THUMBZZZ.jpg
Great Expectations (Dover Thrift Editions),http://images.amazon.com/images/P/0486415864.01.THUMBZZZ.jpg
Eva Luna,http://images.amazon.com/images/P/0553280589.01.THUMBZZZ.jpg
Poisonwood Bible Edition Uk,http://images.amazon.com/images/P/0571197639.01.THUMBZZZ.jpg
The Green Man : Tales from the Mythic Forest,http://images.amazon.com/images/P/0670035262.01.THUMBZZZ.jpg
Nicholas Nickleby (Everyman's Library),http://images.amazon.com/images/P/0679423079.01.THUMBZZZ.jpg
"Angels &amp, Insects : Two Novellas",http://images.amazon.com/images/P/0679751343.01.THUMBZZZ.jpg
Catch 22,http://images.amazon.com/images/P/0684833395.01.THUMBZZZ.jpg
The Forsyte Saga : The Man of Property and In Chancery,http://images.amazon.com/images/P/0743245024.01.THUMBZZZ.jpg
The Enchanted Wood,http://images.amazon.com/images/P/0749748001.01.THUMBZZZ.jpg
The Folk of the Faraway Tree,http://images.amazon.com/images/P/0749748028.01.THUMBZZZ.jpg
Angels and Visitations: A Miscellany,http://images.amazon.com/images/P/0963094424.01.THUMBZZZ.jpg
League of Extraordinary Gentlemen, Vol. 2 (Comic),http://images.amazon.com/images/P/1401201172.01.THUMBZZZ.jpg
Preludes and Nocturnes (Sandman, Book 1),http://images.amazon.com/images/P/1563892278.01.THUMBZZZ.jpg
The League of Extraordinary Gentlemen, Vol. 1,http://images.amazon.com/images/P/1563898586.01.THUMBZZZ.jpg
Harlequin Valentine,http://images.amazon.com/images/P/156971620X.01.THUMBZZZ.jpg
Alpha Teach Yourself American Sign Language in 24 Hours (Alpha Teach Yourself in 24 Hours),http://images.amazon.com/images/P/1592571301.01.THUMBZZZ.jpg
A Man in Full,http://images.amazon.com/images/P/0374270325.01.THUMBZZZ.jpg
The Miracle Life of Edgar Mint: A Novel,http://images.amazon.com/images/P/0375719180.01.THUMBZZZ.jpg
October Sky: A Memoir,http://images.amazon.com/images/P/0440235502.01.THUMBZZZ.jpg
A Painted House,http://images.amazon.com/images/P/044023722X.01.THUMBZZZ.jpg
The Romance Reader,http://images.amazon.com/images/P/1573225487.01.THUMBZZZ.jpg
Far from the Madding Crowd (Wordsworth Classics),http://images.amazon.com/images/P/1853260673.01.THUMBZZZ.jpg
The Perfect Storm : A True Story of Men Against the Sea,http://images.amazon.com/images/P/0060977477.01.THUMBZZZ.jpg
The Battle for God,http://images.amazon.com/images/P/0345391691.01.THUMBZZZ.jpg
Sappho: A New Translation,http://images.amazon.com/images/P/0520011171.01.THUMBZZZ.jpg
The Postman (Bantam Classics),http://images.amazon.com/images/P/0553278746.01.THUMBZZZ.jpg
The Tortilla Curtain,http://images.amazon.com/images/P/0670856045.01.THUMBZZZ.jpg
Symposium,http://images.amazon.com/images/P/0872200760.01.THUMBZZZ.jpg
The What's Happening to My Body? Book for Boys: A Growing Up Guide for Parents and Sons,http://images.amazon.com/images/P/0937858994.01.THUMBZZZ.jpg
OBJECT AFFECTION,http://images.amazon.com/images/P/0671649949.01.THUMBZZZ.jpg
The Journey Home,http://images.amazon.com/images/P/0590431110.01.THUMBZZZ.jpg
Taking the Ferry Home,http://images.amazon.com/images/P/0064470113.01.THUMBZZZ.jpg
Angel of Hope (Mercy Trilogy),http://images.amazon.com/images/P/0553571486.01.THUMBZZZ.jpg
The Breach,http://images.amazon.com/images/P/0972044205.01.THUMBZZZ.jpg
Neanderthal: A Novel,http://images.amazon.com/images/P/0312963009.01.THUMBZZZ.jpg
A Small Dark Place,http://images.amazon.com/images/P/0345430476.01.THUMBZZZ.jpg
The Rivan Codex : Ancient Texts of THE BELGARIAD and THE MALLOREON,http://images.amazon.com/images/P/0345435869.01.THUMBZZZ.jpg
Babyhood,http://images.amazon.com/images/P/0380728729.01.THUMBZZZ.jpg
Year's Best Fantasy (Year's Best Fantasy),http://images.amazon.com/images/P/038081840X.01.THUMBZZZ.jpg
Dave Barry in Cyberspace,http://images.amazon.com/images/P/0449912302.01.THUMBZZZ.jpg
Wolf Moon,http://images.amazon.com/images/P/055329198X.01.THUMBZZZ.jpg
The War in Heaven (Eternal Warriors),http://images.amazon.com/images/P/0671018930.01.THUMBZZZ.jpg
Waiting,http://images.amazon.com/images/P/0812541642.01.THUMBZZZ.jpg
Nowhere To Run,http://images.amazon.com/images/P/0312988699.01.THUMBZZZ.jpg
Frankenstein (Dover Thrift Editions),http://images.amazon.com/images/P/0486282112.01.THUMBZZZ.jpg
El gust amarg de la cervesa (Collecció Clàssica),http://images.amazon.com/images/P/8483007010.01.THUMBZZZ.jpg
Urn Burial,http://images.amazon.com/images/P/0670815373.01.THUMBZZZ.jpg
All Our Yesterdays (Large Print),http://images.amazon.com/images/P/0385313748.01.THUMBZZZ.jpg
What Shall I Be (Barbie Carryalong),http://images.amazon.com/images/P/1575843366.01.THUMBZZZ.jpg
ALL THAT REMAINS,http://images.amazon.com/images/P/0684193957.01.THUMBZZZ.jpg
Last Chance to See,http://images.amazon.com/images/P/0345371984.01.THUMBZZZ.jpg
Vinegar Hill (Oprah's Book Club (Paperback)),http://images.amazon.com/images/P/0380730138.01.THUMBZZZ.jpg
Affinity,http://images.amazon.com/images/P/1573228737.01.THUMBZZZ.jpg
Diario de Ana Frank,http://images.amazon.com/images/P/9681500555.01.THUMBZZZ.jpg
Desert Notes/River Notes,http://images.amazon.com/images/P/0380711109.01.THUMBZZZ.jpg
The Best Democracy Money Can Buy: The Truth About Corporate Cons, Globalization and High-Finance Fraudsters,http://images.amazon.com/images/P/0452283914.01.THUMBZZZ.jpg
The Hunt for Red October,http://images.amazon.com/images/P/0425120279.01.THUMBZZZ.jpg
The Music Box,http://images.amazon.com/images/P/067153484X.01.THUMBZZZ.jpg
Liberty Falling (Anna Pigeon Mysteries (Paperback)),http://images.amazon.com/images/P/0380728273.01.THUMBZZZ.jpg
El Palacio de La Luna,http://images.amazon.com/images/P/8433914545.01.THUMBZZZ.jpg
Mientras Escribo,http://images.amazon.com/images/P/8484509141.01.THUMBZZZ.jpg
Killer Market (Deborah Knott Mysteries (Paperback)),http://images.amazon.com/images/P/0446606197.01.THUMBZZZ.jpg
Remembering Peter Gzowski : A Book of Tributes,http://images.amazon.com/images/P/0771076002.01.THUMBZZZ.jpg
The Best Canadian Animal Stories: Classic Tales by Master Storytellers,http://images.amazon.com/images/P/0771088191.01.THUMBZZZ.jpg
Trying to Save Piggy Sneed,http://images.amazon.com/images/P/1559703237.01.THUMBZZZ.jpg
Herr Der Fliegen (Fiction, Poetry and Drama),http://images.amazon.com/images/P/3596214629.01.THUMBZZZ.jpg
Seattle Access,http://images.amazon.com/images/P/0062770500.01.THUMBZZZ.jpg
REAL GUIDE: CALIFORNIA AND THE WEST COAST (The Real guides),http://images.amazon.com/images/P/0671847546.01.THUMBZZZ.jpg
Bel Canto,http://images.amazon.com/images/P/0060188731.01.THUMBZZZ.jpg
James and the Giant Peach,http://images.amazon.com/images/P/0140374248.01.THUMBZZZ.jpg
The Secret Life of Bees,http://images.amazon.com/images/P/0142001740.01.THUMBZZZ.jpg
What a Wonderful World: A Lifetime of Recordings,http://images.amazon.com/images/P/0195086295.01.THUMBZZZ.jpg
Digital Fortress : A Thriller,http://images.amazon.com/images/P/0312995423.01.THUMBZZZ.jpg
The Ladies of Missalonghi,http://images.amazon.com/images/P/0380704587.01.THUMBZZZ.jpg
Blackberry Wine : A Novel,http://images.amazon.com/images/P/0380815923.01.THUMBZZZ.jpg
The Firm,http://images.amazon.com/images/P/0385416342.01.THUMBZZZ.jpg
How the Irish Saved Civilization: The Untold Story of Ireland's Heroic Role from the Fall of Rome to the Rise of Medieval Europe (Hinges of History),http://images.amazon.com/images/P/0385418493.01.THUMBZZZ.jpg
The Client,http://images.amazon.com/images/P/038542471X.01.THUMBZZZ.jpg
Thieves of Light (Photon : the Ultimate Game on Planet Earth),http://images.amazon.com/images/P/0425098109.01.THUMBZZZ.jpg
Horse Heaven (Ballantine Reader's Circle),http://images.amazon.com/images/P/0449005410.01.THUMBZZZ.jpg
Danger,http://images.amazon.com/images/P/0449202631.01.THUMBZZZ.jpg
Proof,http://images.amazon.com/images/P/0449207544.01.THUMBZZZ.jpg
Heart of the Sea (Irish Trilogy),http://images.amazon.com/images/P/0515128554.01.THUMBZZZ.jpg
Mostly Harmless,http://images.amazon.com/images/P/0517577402.01.THUMBZZZ.jpg
I Spy: A Book of Picture Riddles,http://images.amazon.com/images/P/0590450875.01.THUMBZZZ.jpg
I Spy Spooky Night: A Book of Picture Riddles (I Spy Books),http://images.amazon.com/images/P/0590481371.01.THUMBZZZ.jpg
Lake News,http://images.amazon.com/images/P/067103619X.01.THUMBZZZ.jpg
The SKULL BENEATH THE SKIN,http://images.amazon.com/images/P/0684177730.01.THUMBZZZ.jpg
NEW SHOE,http://images.amazon.com/images/P/0684180200.01.THUMBZZZ.jpg
An Accidental Woman,http://images.amazon.com/images/P/0743411269.01.THUMBZZZ.jpg
The Snow Garden,http://images.amazon.com/images/P/0743470389.01.THUMBZZZ.jpg
The Doorbell Rang (The Best Mysteries of All Time),http://images.amazon.com/images/P/076218857X.01.THUMBZZZ.jpg
A Year by the Sea: Thoughts of an Unfinished Woman,http://images.amazon.com/images/P/0767905938.01.THUMBZZZ.jpg
Though I walk through the valley,http://images.amazon.com/images/P/0800706544.01.THUMBZZZ.jpg
Victorious Christians You Should Know,http://images.amazon.com/images/P/0801096677.01.THUMBZZZ.jpg
Life Lessons: Book Of Hebrews,http://images.amazon.com/images/P/0849953014.01.THUMBZZZ.jpg
Inside out,http://images.amazon.com/images/P/0891091963.01.THUMBZZZ.jpg
Son Rise: The Miracle Continues,http://images.amazon.com/images/P/0915811537.01.THUMBZZZ.jpg
Unveiled at Last,http://images.amazon.com/images/P/0927545373.01.THUMBZZZ.jpg
The Day I Almost Quit,http://images.amazon.com/images/P/1575024179.01.THUMBZZZ.jpg
Serving As Senders: How to Care for Your Missionaries While They Are Preparing to Go, While They Are on the Field, When They Return Home,http://images.amazon.com/images/P/1880185008.01.THUMBZZZ.jpg
House of Stairs,http://images.amazon.com/images/P/0140345809.01.THUMBZZZ.jpg
The Little Prince,http://images.amazon.com/images/P/0156528207.01.THUMBZZZ.jpg
Jonathan Livingston Seagull,http://images.amazon.com/images/P/0380012863.01.THUMBZZZ.jpg
The Crystal Handbook,http://images.amazon.com/images/P/0451154916.01.THUMBZZZ.jpg
Simple Wicca (Simple Wisdom Book),http://images.amazon.com/images/P/0785815147.01.THUMBZZZ.jpg
"The Complete Book of Incense, Oils &amp, Brews (Llewellyn's Practical Magick)",http://images.amazon.com/images/P/0875421288.01.THUMBZZZ.jpg
"The Western Mysteries: An Encyclopedic Guide to the Sacred Languages &amp, Magickal Systems of the World : The Key of It All, Book II (Key of It All)",http://images.amazon.com/images/P/1567184294.01.THUMBZZZ.jpg
Astral Travel for Beginners (For Beginners),http://images.amazon.com/images/P/156718796X.01.THUMBZZZ.jpg
New Perspectives: Runes,http://images.amazon.com/images/P/1862047626.01.THUMBZZZ.jpg
Rosie'S Walk,http://images.amazon.com/images/P/0020437501.01.THUMBZZZ.jpg
Julius Caesar (Oxford School Shakespeare),http://images.amazon.com/images/P/0198320264.01.THUMBZZZ.jpg
Santa Brought A Son : Marrying The Boss's Daughter (Silhouette Romance, 1698),http://images.amazon.com/images/P/0373196989.01.THUMBZZZ.jpg
Marry Me ... Again   Montana Mavericks (Silhouette Special Edition, 1558),http://images.amazon.com/images/P/0373245580.01.THUMBZZZ.jpg
Alice's Adventures in Wonderland and Through the Looking Glass,http://images.amazon.com/images/P/0451527747.01.THUMBZZZ.jpg
Moonlight Becomes You,http://images.amazon.com/images/P/0671867113.01.THUMBZZZ.jpg
The Adventures of Tom Sawyer,http://images.amazon.com/images/P/0812504208.01.THUMBZZZ.jpg
Divine Secrets of the Ya-Ya Sisterhood : A Novel,http://images.amazon.com/images/P/0060173289.01.THUMBZZZ.jpg
Lakota Woman,http://images.amazon.com/images/P/0060973897.01.THUMBZZZ.jpg
The Perfect Storm : A True Story of Men Against the Sea,http://images.amazon.com/images/P/006101351X.01.THUMBZZZ.jpg
Heroes of Their Own Lives: The Politics and History of Family Violence, Boston 1880-1960,http://images.amazon.com/images/P/0140104682.01.THUMBZZZ.jpg
The Florence King Reader,http://images.amazon.com/images/P/0312143370.01.THUMBZZZ.jpg
The Lovely Bones: A Novel,http://images.amazon.com/images/P/0316666343.01.THUMBZZZ.jpg
Impossible Vacation,http://images.amazon.com/images/P/039456894X.01.THUMBZZZ.jpg
Hannibal,http://images.amazon.com/images/P/0440224675.01.THUMBZZZ.jpg
London : The Novel,http://images.amazon.com/images/P/0449002632.01.THUMBZZZ.jpg
Life Before Man,http://images.amazon.com/images/P/0449213773.01.THUMBZZZ.jpg
Cavedweller,http://images.amazon.com/images/P/0452279690.01.THUMBZZZ.jpg
The Robber Bride,http://images.amazon.com/images/P/0553569058.01.THUMBZZZ.jpg
Wouldn't Take Nothing for My Journey Now,http://images.amazon.com/images/P/0679427430.01.THUMBZZZ.jpg
The House of Mirth (Library of America),http://images.amazon.com/images/P/0679725393.01.THUMBZZZ.jpg
Ohitika Woman,http://images.amazon.com/images/P/0802114369.01.THUMBZZZ.jpg
Black Elk Speaks: Being the Life Story of a Holy Man of the Oglala Sioux,http://images.amazon.com/images/P/0803233019.01.THUMBZZZ.jpg
The Community in America,http://images.amazon.com/images/P/0819154946.01.THUMBZZZ.jpg
The Best in Tent Camping: Smoky Mountains : A Guide for Campers Who Hate Rvs, Concrete Slabs, and Loud Portable Stereos (Best in Tent Camping Colorado),http://images.amazon.com/images/P/0897322339.01.THUMBZZZ.jpg
Mawrdew Czgowchwz (New York Review Books Classics),http://images.amazon.com/images/P/0940322978.01.THUMBZZZ.jpg
Prozac Nation: Young and Depressed in America : A Memoir,http://images.amazon.com/images/P/1573225126.01.THUMBZZZ.jpg
The Journey From Here,http://images.amazon.com/images/P/1579651658.01.THUMBZZZ.jpg
The Four Agreements: A Practical Guide to Personal Freedom,http://images.amazon.com/images/P/1878424319.01.THUMBZZZ.jpg
El desarrollo de Leonardo da Vinci (Biografías y memorias),http://images.amazon.com/images/P/8401351421.01.THUMBZZZ.jpg
Gastronomia divina (L'áncora),http://images.amazon.com/images/P/8423324311.01.THUMBZZZ.jpg
Desaparecido: LA Autentica Historia De LA Ejecucion De Charles Horman,http://images.amazon.com/images/P/8427007450.01.THUMBZZZ.jpg
Hotel Europa (El Balancí),http://images.amazon.com/images/P/8429734996.01.THUMBZZZ.jpg
La dona dels ulls de pluja: Barcelona anys 90 (El Balancí),http://images.amazon.com/images/P/8429736131.01.THUMBZZZ.jpg
El paraíso (Tiempos modernos),http://images.amazon.com/images/P/8440616252.01.THUMBZZZ.jpg
Negra i consentida (Col¨lecció El Mirall),http://images.amazon.com/images/P/8472224260.01.THUMBZZZ.jpg
Essa efa (Col¨lecció El Mirall i el temps),http://images.amazon.com/images/P/8472227421.01.THUMBZZZ.jpg
Espurnes de sang (La Negra),http://images.amazon.com/images/P/8474103347.01.THUMBZZZ.jpg
Les llengües d'Africa (Biblioteca universal Empúries),http://images.amazon.com/images/P/8475960936.01.THUMBZZZ.jpg
Trànsit (Area contemporània),http://images.amazon.com/images/P/8477830029.01.THUMBZZZ.jpg
L'home del sac,http://images.amazon.com/images/P/8478091246.01.THUMBZZZ.jpg
Gràcies per la propina (Columna),http://images.amazon.com/images/P/8478097732.01.THUMBZZZ.jpg
El dia que es va cremar el Liceu (La primera Columna),http://images.amazon.com/images/P/8478098267.01.THUMBZZZ.jpg
Cómo ser una mujer y no morir en el intento (Colección El Papagayo),http://images.amazon.com/images/P/8478800336.01.THUMBZZZ.jpg
Una casa en Irlanda,http://images.amazon.com/images/P/8478884963.01.THUMBZZZ.jpg
La mirada del tafur (Col¨lecció clàssica),http://images.amazon.com/images/P/8483002523.01.THUMBZZZ.jpg
Amorrada al piló (Columna),http://images.amazon.com/images/P/8486433193.01.THUMBZZZ.jpg
Blur (Melody Maker),http://images.amazon.com/images/P/0600586898.01.THUMBZZZ.jpg
War and Peace (Wordsworth Classics),http://images.amazon.com/images/P/1853260622.01.THUMBZZZ.jpg
A-Z of Behaving Badly,http://images.amazon.com/images/P/1857938011.01.THUMBZZZ.jpg
He Understanding Masculine Psychology,http://images.amazon.com/images/P/0060804157.01.THUMBZZZ.jpg
Las DOS Muertes De Gardel (Ficcionario),http://images.amazon.com/images/P/8466601090.01.THUMBZZZ.jpg
You Can Surf the Net: Your Guide to the World of the Internet,http://images.amazon.com/images/P/0140382658.01.THUMBZZZ.jpg
I Want to Be...a Veterinarian (I Want to Be... Series),http://images.amazon.com/images/P/0152012966.01.THUMBZZZ.jpg
Alice's Tulips,http://images.amazon.com/images/P/0312283784.01.THUMBZZZ.jpg
Centaur Aisle,http://images.amazon.com/images/P/0345297709.01.THUMBZZZ.jpg
Crewel Lye,http://images.amazon.com/images/P/0345313097.01.THUMBZZZ.jpg
Dragonflight (Dragonriders of Pern Trilogy (Paperback)),http://images.amazon.com/images/P/0345335465.01.THUMBZZZ.jpg
Last Sword of Power (Stones of Power),http://images.amazon.com/images/P/0345416848.01.THUMBZZZ.jpg
Dating Big Bird,http://images.amazon.com/images/P/0385333404.01.THUMBZZZ.jpg
The Firm,http://images.amazon.com/images/P/044021145X.01.THUMBZZZ.jpg
Murder at the Kennedy Center (Capital Crime Mysteries),http://images.amazon.com/images/P/0449212084.01.THUMBZZZ.jpg
Guinness World Records 2000 (Guinness Book of Records, 2000),http://images.amazon.com/images/P/0553582682.01.THUMBZZZ.jpg
Forever Amber Brown (Amber Brown (Paperback)),http://images.amazon.com/images/P/0590947257.01.THUMBZZZ.jpg
Philip Jose Farmer's The Dungeon,http://images.amazon.com/images/P/074345829X.01.THUMBZZZ.jpg
Pool of Radiance: The Ruins of Myth Drannor (Forgotten Realms),http://images.amazon.com/images/P/0786913878.01.THUMBZZZ.jpg
Feminism and Suffrage: The Emergence of an Independent Women's Movement in America, 1848-1869,http://images.amazon.com/images/P/0801491827.01.THUMBZZZ.jpg
Why Are Boys So Weird (Tales from Third Grade),http://images.amazon.com/images/P/0816729913.01.THUMBZZZ.jpg
"Sheldon &amp, Mrs. Levine: An Excruciating Correspondence",http://images.amazon.com/images/P/0843136685.01.THUMBZZZ.jpg
Black Beauty (Great Illustrated Classics (Playmore)),http://images.amazon.com/images/P/0866119531.01.THUMBZZZ.jpg
Oliver Twist (Great Illustrated Classics),http://images.amazon.com/images/P/0866119566.01.THUMBZZZ.jpg
The wild ponies of Assateague Island (Books for young explorers),http://images.amazon.com/images/P/0870441663.01.THUMBZZZ.jpg
Frankenstein (Illustrated Classics Series),http://images.amazon.com/images/P/1561561428.01.THUMBZZZ.jpg
The Scarlet Letter,http://images.amazon.com/images/P/0553210092.01.THUMBZZZ.jpg
Dragonsong (Harper Hall Trilogy),http://images.amazon.com/images/P/0553258524.01.THUMBZZZ.jpg
The Watch House,http://images.amazon.com/images/P/0688163726.01.THUMBZZZ.jpg
Was It Something I Said?,http://images.amazon.com/images/P/1569471096.01.THUMBZZZ.jpg
Cloud Nine,http://images.amazon.com/images/P/055358099X.01.THUMBZZZ.jpg
The Lovely Bones,http://images.amazon.com/images/P/0316168815.01.THUMBZZZ.jpg
The Tortilla Curtain,http://images.amazon.com/images/P/014023828X.01.THUMBZZZ.jpg
Sarah Conley,http://images.amazon.com/images/P/0316314927.01.THUMBZZZ.jpg
A Widow for One Year,http://images.amazon.com/images/P/0345424719.01.THUMBZZZ.jpg
The Clearing,http://images.amazon.com/images/P/0375414746.01.THUMBZZZ.jpg
Empire Falls,http://images.amazon.com/images/P/0375726403.01.THUMBZZZ.jpg
Oryx and Crake,http://images.amazon.com/images/P/0385503857.01.THUMBZZZ.jpg
Sophie's World: A Novel About the History of Philosophy (Berkeley Signature Edition),http://images.amazon.com/images/P/0425156842.01.THUMBZZZ.jpg
Black and Blue,http://images.amazon.com/images/P/0440226104.01.THUMBZZZ.jpg
Le Divorce (William Abrahams Book),http://images.amazon.com/images/P/0452277337.01.THUMBZZZ.jpg
The Face,http://images.amazon.com/images/P/0553802488.01.THUMBZZZ.jpg
She's Come Undone (Oprah's Book Club),http://images.amazon.com/images/P/0671021001.01.THUMBZZZ.jpg
Falling Leaves: The True Story of an Unwanted Chinese Daughter,http://images.amazon.com/images/P/0767903579.01.THUMBZZZ.jpg
Nickel and Dimed: On (Not) Getting By in America,http://images.amazon.com/images/P/0805063897.01.THUMBZZZ.jpg
The Game of Kings (Lymond Chronicles, 1),http://images.amazon.com/images/P/0679777431.01.THUMBZZZ.jpg
RUSSIA HOUSE, THE,http://images.amazon.com/images/P/0553285343.01.THUMBZZZ.jpg
Solv-A-Crime Puzzles (Dover Game and Puzzle Activity Books),http://images.amazon.com/images/P/0486285529.01.THUMBZZZ.jpg
The First Wives Club Movie Tie In,http://images.amazon.com/images/P/0671002481.01.THUMBZZZ.jpg
Selected Poems of Emily Dickinson,http://images.amazon.com/images/P/0812523385.01.THUMBZZZ.jpg
Watercolor School (Reader's Digest Learn-As-You-Go Guides),http://images.amazon.com/images/P/0895774666.01.THUMBZZZ.jpg
Joshua In the Holy Land,http://images.amazon.com/images/P/0020199090.01.THUMBZZZ.jpg
The Messenger,http://images.amazon.com/images/P/0385495145.01.THUMBZZZ.jpg
Sisters of the Earth: Women's Prose and Poetry About Nature,http://images.amazon.com/images/P/0679733825.01.THUMBZZZ.jpg
Left Behind: A Novel of the Earth's Last Days (Left Behind No. 1),http://images.amazon.com/images/P/0842329129.01.THUMBZZZ.jpg
Househusband,http://images.amazon.com/images/P/0345451260.01.THUMBZZZ.jpg
